Challenge_Category,Severity_Level,Current_Solutions,Proposed_Platform_Solutions
Language Barriers,9,"Translation services, AI tools","AI translation, multilingual support"
Technology Limitations,8,Basic plagiarism checkers,Integrated AI research assistant
Research Infrastructure,7,Limited institutional support,Centralized research hub
Plagiarism Detection,8,"Turnitin, basic tools",Advanced AI plagiarism detection
Journal Access,8,Subscription databases,Journal recommendation system
Training Gaps,9,Informal training,Structured training programs
Quality Standards,7,Peer review processes,Automated quality assessment
Collaboration Networks,6,"ResearchGate, Academia.edu",Research collaboration tools
Publication Costs,7,"OA journals, institutional funding","Subscription model, cost sharing"
Evaluation Metrics,6,Citation databases,Comprehensive metrics dashboard
