Service_Module,Primary_Function,AI_Integration,Target_Users,Revenue_Model
AI Research Assistant,"Research guidance, literature review","ChatGPT, Claude, specialized models",All researchers,Subscription tiers
Plagiarism Detection,Content originality verification,Custom ML models + commercial tools,All researchers,Per-check pricing
Journal Recommendation,Journal matching and submission,ML-based matching algorithms,"Faculty, graduate students",Premium features
Translation Services,Multilingual content support,Neural machine translation,Non-native speakers,Credit-based system
Training Academy,Structured learning programs,Adaptive learning systems,All levels,Course fees + subscription
Collaboration Hub,Researcher networking,Recommendation engines,All researchers,Freemium model
Quality Assessment,Manuscript evaluation,NLP quality assessment,"Faculty, reviewers",Professional services
Citation Management,Reference management,Automated citation formatting,All researchers,"Basic free, premium paid"
Publishing Pipeline,Submission workflow,Workflow automation,Publishing authors,Transaction fees
Student Labs,Student skill development,Prompt engineering tools,Graduate students,Educational licensing
Certification System,Professional credentials,Blockchain verification,All users,Certification fees
Analytics Dashboard,Performance metrics,Predictive analytics,"Administrators, researchers",Analytics subscriptions
