Feature_Category,Core_Services,Innovation_Level,Implementation_Priority
Research Tools,"Literature search, citation management",7,High
Publishing Support,"Journal finder, submission assistance",8,Critical
Training Services,"Research methodology, writing skills",9,Critical
Quality Assurance,"Plagiarism detection, peer review",8,High
Collaboration,"Research networks, mentorship",7,Medium
AI Integration,"Writing assistance, data analysis",9,Critical
Documentation,"Research templates, formatting",6,Medium
Student Support,Prompt engineering training,8,High
Certification,"Skills certification, lab certificates",7,Medium
Subscription Model,"Monthly subscriptions, free trial",8,High
